{
    "Estimator": "DecisionTreeClassifier",
    "f1_micro": 0.8787375415282392,
    "max_depth": 6,
    "min_samples_leaf": 7,
    "min_samples_split": 20,
    "A": {
        "precision": 0.9175946547884187,
        "recall": 0.9559164733178654,
        "f1-score": 0.9363636363636364,
        "support": 431
    },
    "B": {
        "precision": 0.746031746031746,
        "recall": 0.7014925373134329,
        "f1-score": 0.7230769230769232,
        "support": 134
    },
    "C": {
        "precision": 0.8518518518518519,
        "recall": 0.6216216216216216,
        "f1-score": 0.7187499999999999,
        "support": 37
    },
    "accuracy": 0.8787375415282392,
    "macro avg": {
        "precision": 0.8384927508906722,
        "recall": 0.75967687741764,
        "f1-score": 0.7927301864801866,
        "support": 602
    },
    "weighted avg": {
        "precision": 0.8753655626255497,
        "recall": 0.8787375415282392,
        "f1-score": 0.8755129318356063,
        "support": 602
    }
}