{
    "Estimator": "DecisionTreeClassifier",
    "f1_macro": 0.8194890480499559,
    "max_depth": 9,
    "min_samples_leaf": 7,
    "min_samples_split": 50,
    "A": {
        "precision": 0.9440366972477064,
        "recall": 0.9616822429906542,
        "f1-score": 0.9527777777777777,
        "support": 1070
    },
    "B": {
        "precision": 0.7716262975778547,
        "recall": 0.724025974025974,
        "f1-score": 0.747068676716918,
        "support": 308
    },
    "C": {
        "precision": 0.7623762376237624,
        "recall": 0.7549019607843137,
        "f1-score": 0.7586206896551724,
        "support": 102
    },
    "accuracy": 0.897972972972973,
    "macro avg": {
        "precision": 0.8260130774831079,
        "recall": 0.8135367259336473,
        "f1-score": 0.8194890480499559,
        "support": 1480
    },
    "weighted avg": {
        "precision": 0.8956368526666547,
        "recall": 0.897972972972973,
        "f1-score": 0.8965869493215274,
        "support": 1480
    }
}