{
    "Estimator": "LogisticRegression",
    "f1_macro": 0.8263925547858534,
    "max_iter": 2000.0,
    "solver": "saga",
    "A": {
        "precision": 0.9440879926672777,
        "recall": 0.9626168224299065,
        "f1-score": 0.953262378528459,
        "support": 1070
    },
    "B": {
        "precision": 0.7718120805369127,
        "recall": 0.7467532467532467,
        "f1-score": 0.759075907590759,
        "support": 308
    },
    "C": {
        "precision": 0.8131868131868132,
        "recall": 0.7254901960784313,
        "f1-score": 0.766839378238342,
        "support": 102
    },
    "accuracy": 0.9013513513513514,
    "macro avg": {
        "precision": 0.8430289621303345,
        "recall": 0.8116200884205282,
        "f1-score": 0.8263925547858534,
        "support": 1480
    },
    "weighted avg": {
        "precision": 0.8992144107462239,
        "recall": 0.9013513513513514,
        "f1-score": 0.900002527799808,
        "support": 1480
    }
}