{
    "Estimator": "LogisticRegression",
    "f1_micro": 0.902027027027027,
    "max_iter": 1000.0,
    "solver": "saga",
    "A": {
        "precision": 0.9441391941391941,
        "recall": 0.9635514018691589,
        "f1-score": 0.9537465309898242,
        "support": 1070
    },
    "B": {
        "precision": 0.7744107744107744,
        "recall": 0.7467532467532467,
        "f1-score": 0.7603305785123966,
        "support": 308
    },
    "C": {
        "precision": 0.8131868131868132,
        "recall": 0.7254901960784313,
        "f1-score": 0.766839378238342,
        "support": 102
    },
    "accuracy": 0.902027027027027,
    "macro avg": {
        "precision": 0.8439122605789272,
        "recall": 0.811931614900279,
        "f1-score": 0.8269721625801876,
        "support": 1480
    },
    "weighted avg": {
        "precision": 0.8997922372922372,
        "recall": 0.902027027027027,
        "f1-score": 0.9006136641359737,
        "support": 1480
    }
}